season,njcaa_season,team,team_id,G,TC,PO,A,E,FPCT,DP,SBA,RCS,RCS_PCT,PB,CI
2023,2022-23,Abraham Baldwin,abrahambaldwinagriculturalcollege,724,53.0,26.0,26.0,6.0,0.897,414.0,322.0,260.0,0.807,239.0,394.0
2023,2022-23,Allegany Maryland,alleganycollegeofmaryland,647,16.0,26.0,17.0,4.0,0.915,314.0,286.0,220.0,0.769,221.0,308.0
2023,2022-23,Allen County,allencountycommunitycollege,660,15.0,27.0,18.0,2.0,0.957,379.0,293.0,239.0,0.816,226.0,372.0
2023,2022-23,Alpena,alpenacommunitycollege,323,6.0,4.0,22.0,0.0,1.0,239.0,279.0,201.0,0.72,143.0,97.0
2023,2022-23,Alvin,alvincommunitycollege,703,50.0,24.0,22.0,7.0,0.868,383.0,275.0,217.0,0.789,236.0,425.0
2023,2022-23,Andrew,andrewcollege,626,66.0,45.0,21.0,9.0,0.88,528.0,310.0,284.0,0.916,207.0,424.0
2023,2022-23,Angelina,angelinacollege,702,52.0,24.0,27.0,1.0,0.981,377.0,289.0,214.0,0.74,212.0,346.0
2023,2022-23,Anne Arundel,annearundelcommunitycollege,645,49.0,22.0,27.0,8.0,0.86,345.0,280.0,209.0,0.746,218.0,333.0
2023,2022-23,Anoka-Ramsey,anokaramseycommunitycollege,259,21.0,5.0,17.0,3.0,0.88,173.0,160.0,98.0,0.612,119.0,140.0
2023,2022-23,Arizona Western,arizonawesterncollege,618,47.0,32.0,15.0,5.0,0.904,427.0,276.0,238.0,0.862,142.0,301.0
2023,2022-23,Atlantic Cape,atlanticcapecommunitycollege,270,22.0,11.0,6.0,0.0,1.0,176.0,149.0,96.0,0.644,98.0,97.0
2023,2022-23,Barton,bartoncommunitycollege,697,49.0,41.0,8.0,8.0,0.86,311.0,193.0,152.0,0.788,171.0,431.0
2023,2022-23,Baton Rouge,batonrougecommunitycollege,775,50.0,16.0,32.0,1.0,0.98,464.0,403.0,326.0,0.809,255.0,296.0
2023,2022-23,Bergen,bergencommunitycollege,425,32.0,16.0,15.0,5.0,0.861,264.0,255.0,188.0,0.737,145.0,250.0
2023,2022-23,Bevill State,bevillstatecommunitycollege,569,3.0,13.0,31.0,2.0,0.957,362.0,305.0,233.0,0.764,178.0,226.0
2023,2022-23,Bishop State,bishopstatecommunitycollege,589,55.0,34.0,16.0,7.0,0.877,427.0,276.0,222.0,0.804,145.0,229.0
2023,2022-23,Bismarck State,bismarckstatecollege,356,5.0,24.0,6.0,1.0,0.968,176.0,150.0,110.0,0.733,119.0,225.0
2023,2022-23,Black Hawk-Moline,blackhawkcollegemoline,546,44.0,27.0,17.0,6.0,0.88,270.0,183.0,143.0,0.781,117.0,282.0
2023,2022-23,Blinn,blinncollege,632,0.0,38.0,13.0,8.0,0.864,371.0,242.0,191.0,0.789,231.0,482.0
2023,2022-23,Borough of Manhattan,boroughofmanhattancommunitycollege,203,20.0,2.0,18.0,0.0,1.0,226.0,326.0,251.0,0.77,165.0,99.0
2023,2022-23,Bossier Parish,bossierparishcommunitycollege,729,46.0,29.0,21.0,8.0,0.862,420.0,320.0,267.0,0.834,255.0,336.0
2023,2022-23,Bronx,bronxcommunitycollege,300,12.0,6.0,17.0,0.0,1.0,221.0,235.0,186.0,0.791,148.0,138.0
2023,2022-23,Brookdale,brookdalecommunitycollege,529,40.0,28.0,12.0,4.0,0.909,297.0,179.0,130.0,0.726,110.0,344.0
2023,2022-23,Brunswick,brunswickcommunitycollege,578,36.0,21.0,15.0,3.0,0.923,346.0,282.0,208.0,0.738,182.0,306.0
2023,2022-23,Bryant & Stratton (VA),bryantstrattoncollegeva,764,49.0,26.0,20.0,7.0,0.868,432.0,348.0,292.0,0.839,270.0,398.0
2023,2022-23,Bryant & Stratton College (WI),bryantstrattoncollegewi,451,34.0,17.0,12.0,5.0,0.853,242.0,186.0,150.0,0.806,136.0,235.0
2023,2022-23,Bryant & Stratton-Cleveland,bryantstrattoncleveland,329,17.0,7.0,4.0,0.0,1.0,170.0,129.0,101.0,0.783,90.0,171.0
2023,2022-23,Bunker Hill,bunkerhillcommunitycollege,28,3.0,0.0,0.0,0.0,,0.0,68.0,35.0,0.515,0.0,0.0
2023,2022-23,Butler,butlercommunitycollegeks,748,49.0,31.0,18.0,8.0,0.86,380.0,284.0,244.0,0.859,198.0,377.0
2023,2022-23,CC of Allegheny County,ccofalleghenycounty,178,2.0,8.0,5.0,3.0,0.812,121.0,100.0,76.0,0.76,65.0,80.0
2023,2022-23,CCBC Catonsville,ccbccatonsville,592,31.0,25.0,18.0,6.0,0.878,389.0,257.0,219.0,0.852,179.0,270.0
2023,2022-23,CCBC Dundalk,ccbcdundalk,560,29.0,14.0,20.0,4.0,0.895,341.0,303.0,264.0,0.871,192.0,283.0
2023,2022-23,CCBC Essex,ccbcessex,536,40.0,16.0,24.0,5.0,0.889,281.0,294.0,242.0,0.823,232.0,231.0
2023,2022-23,Caldwell Tech,caldwellcommunitycollegetechnicali,502,36.0,31.0,3.0,6.0,0.85,239.0,177.0,142.0,0.802,133.0,260.0
2023,2022-23,Calhoun,calhouncommunitycollege,521,42.0,11.0,31.0,2.0,0.955,371.0,348.0,259.0,0.744,241.0,250.0
2023,2022-23,Camden County,camdencountycollege,18,1.0,0.0,0.0,0.0,,0.0,0.0,0.0,,0.0,0.0
2023,2022-23,Camp,campcommunitycollege,657,44.0,27.0,17.0,9.0,0.83,368.0,283.0,209.0,0.739,177.0,292.0
2023,2022-23,Carl Albert State,carlalbertstatecollege,598,0.0,17.0,30.0,3.0,0.94,455.0,434.0,318.0,0.733,253.0,290.0
2023,2022-23,Carl Sandburg,carlsandburgcollege,557,40.0,19.0,22.0,4.0,0.911,317.0,287.0,202.0,0.704,169.0,290.0
2023,2022-23,Catawba Valley,catawbavalleycommunitycollege,794,48.0,30.0,18.0,3.0,0.941,405.0,340.0,281.0,0.826,249.0,424.0
2023,2022-23,Cayuga,cayugacommunitycollege,405,34.0,20.0,6.0,5.0,0.839,218.0,128.0,110.0,0.859,102.0,184.0
2023,2022-23,Cecil,cecilcollege,568,44.0,18.0,26.0,5.0,0.898,340.0,300.0,231.0,0.77,194.0,283.0
2023,2022-23,Central Alabama,centralalabamacommunitycollege,613,66.0,30.0,19.0,7.0,0.875,396.0,299.0,242.0,0.809,265.0,437.0
2023,2022-23,Central Arizona,centralarizonacollege,753,54.0,45.0,9.0,13.0,0.806,274.0,138.0,106.0,0.768,151.0,642.0
2023,2022-23,Central Florida,collegeofcentralflorida,719,52.0,46.0,6.0,12.0,0.812,392.0,266.0,218.0,0.82,216.0,493.0
2023,2022-23,Central Lakes,centrallakescollegebrainerd,199,12.0,10.0,5.0,3.0,0.833,104.0,68.0,57.0,0.838,39.0,105.0
2023,2022-23,Century,centurycollege,418,33.0,23.0,10.0,4.0,0.892,220.0,153.0,100.0,0.654,97.0,239.0
2023,2022-23,Chandler-Gilbert,chandlergilbertcommunitycollege,790,55.0,30.0,25.0,9.0,0.859,444.0,280.0,213.0,0.761,161.0,501.0
2023,2022-23,Chattahoochee Valley,chattahoocheevalleycommunitycollege,533,6.0,18.0,26.0,0.0,1.0,332.0,262.0,222.0,0.847,180.0,234.0
2023,2022-23,Chattanooga State,chattanoogastatecommunitycollege,559,23.0,42.0,9.0,5.0,0.911,358.0,208.0,184.0,0.885,140.0,322.0
2023,2022-23,Chesapeake,chesapeakecollege,458,36.0,12.0,24.0,5.0,0.878,289.0,273.0,200.0,0.733,140.0,215.0
2023,2022-23,Chipola,chipolacollege,693,51.0,28.0,25.0,6.0,0.898,378.0,308.0,263.0,0.854,304.0,394.0
2023,2022-23,Cisco,ciscocollege,677,48.0,28.0,15.0,4.0,0.915,362.0,318.0,267.0,0.84,231.0,331.0
2023,2022-23,Clarendon,clarendoncollege,645,48.0,24.0,24.0,5.0,0.906,427.0,382.0,296.0,0.775,242.0,399.0
2023,2022-23,Clark State,clarkstatecollege,484,0.0,1.0,2.0,0.0,1.0,242.0,251.0,162.0,0.645,169.0,230.0
2023,2022-23,Cleveland,clevelandcommunitycollege,615,38.0,24.0,12.0,7.0,0.837,258.0,194.0,149.0,0.768,204.0,383.0
2023,2022-23,Cleveland State,clevelandstatecommunitycollege,701,43.0,23.0,19.0,3.0,0.933,316.0,242.0,195.0,0.806,178.0,323.0
2023,2022-23,Cloud County,cloudcountycommunitycollege,742,48.0,31.0,17.0,10.0,0.828,311.0,232.0,190.0,0.819,184.0,441.0
2023,2022-23,Coahoma,coahomacommunitycollege,518,40.0,3.0,15.0,1.0,0.947,423.0,428.0,368.0,0.86,203.0,154.0
2023,2022-23,Coastal Alabama - Bay Minette,coastalalabamasouth,634,50.0,9.0,31.0,1.0,0.976,402.0,402.0,299.0,0.744,262.0,279.0
2023,2022-23,Coastal Alabama - Brewton,coastalalabamaeast,632,1.0,16.0,25.0,5.0,0.891,380.0,357.0,297.0,0.832,254.0,294.0
2023,2022-23,Coastal Alabama - Monroeville,coastalalabamanorth,501,40.0,29.0,14.0,5.0,0.896,280.0,193.0,150.0,0.777,195.0,217.0
2023,2022-23,Coastal Bend,coastalbendcollege,682,11.0,20.0,30.0,3.0,0.943,381.0,340.0,265.0,0.779,265.0,387.0
2023,2022-23,Cochise,cochisecollege,730,54.0,33.0,21.0,6.0,0.9,311.0,199.0,151.0,0.759,153.0,523.0
2023,2022-23,Coffeyville,coffeyvillecommunitycollege,666,46.0,22.0,27.0,2.0,0.961,412.0,355.0,275.0,0.775,252.0,385.0
2023,2022-23,Colby,colbycommunitycollege,657,45.0,11.0,46.0,7.0,0.891,555.0,555.0,478.0,0.861,307.0,334.0
2023,2022-23,Colorado Northwestern,coloradonorthwesterncommunitycollege,569,42.0,8.0,32.0,2.0,0.952,368.0,337.0,282.0,0.837,200.0,194.0
2023,2022-23,Columbia State,columbiastatecommunitycollege,632,42.0,26.0,14.0,3.0,0.93,453.0,426.0,372.0,0.873,327.0,373.0
2023,2022-23,Columbia-Greene,columbiagreenecommunitycollege,270,7.0,2.0,8.0,0.0,1.0,210.0,226.0,166.0,0.735,136.0,71.0
2023,2022-23,Community Christian (CA),communitychristiancollege,122,9.0,0.0,10.0,0.0,1.0,122.0,127.0,103.0,0.811,52.0,33.0
2023,2022-23,Connors State,connorsstatecollege,701,56.0,50.0,5.0,6.0,0.902,309.0,202.0,159.0,0.787,204.0,511.0
2023,2022-23,Copiah-Lincoln,copiahlincolncommunitycollege,617,48.0,13.0,35.0,3.0,0.941,419.0,311.0,238.0,0.765,166.0,324.0
2023,2022-23,Corning,corningcommunitycollege,286,0.0,1.0,11.0,1.0,0.923,299.0,313.0,222.0,0.709,83.0,44.0
2023,2022-23,Cowley,cowleycountycommunitycollege,631,46.0,27.0,18.0,6.0,0.882,347.0,256.0,206.0,0.805,183.0,361.0
2023,2022-23,Crowder,crowdercollege,640,51.0,40.0,11.0,9.0,0.85,344.0,247.0,208.0,0.842,181.0,473.0
2023,2022-23,Cuyahoga,cuyahogacommunitycollege,488,2.0,19.0,6.0,1.0,0.962,236.0,176.0,133.0,0.756,144.0,303.0
2023,2022-23,Dakota,dakotacollegeatbottineau,306,22.0,2.0,16.0,2.0,0.9,256.0,273.0,208.0,0.762,140.0,112.0
2023,2022-23,Dakota County Tech,dakotacountytechnicalcollege,295,23.0,16.0,7.0,4.0,0.852,170.0,139.0,116.0,0.835,129.0,206.0
2023,2022-23,Dallas College - Brookhaven,dallascollegebrookhaven,649,44.0,13.0,31.0,6.0,0.88,471.0,454.0,339.0,0.747,264.0,294.0
2023,2022-23,Dallas College - Cedar Valley,dallascollegecedarvalley,638,51.0,34.0,17.0,5.0,0.911,421.0,336.0,259.0,0.771,171.0,326.0
2023,2022-23,Dallas College - Eastfield,dallascollegeeastfield,672,49.0,38.0,11.0,9.0,0.845,319.0,197.0,169.0,0.858,211.0,420.0
2023,2022-23,Dallas College - Mountain View,dallascollegemountainview,633,0.0,2.0,0.0,1.0,0.667,422.0,361.0,288.0,0.798,264.0,278.0
2023,2022-23,Dallas College - Richland,dallascollegerichland,654,1.0,30.0,16.0,14.0,0.767,347.0,333.0,228.0,0.685,255.0,438.0
2023,2022-23,Danville Area,danvilleareacommunitycollege,462,33.0,17.0,19.0,4.0,0.9,336.0,286.0,200.0,0.699,153.0,211.0
2023,2022-23,Dawson,dawsoncommunitycollege,389,0.0,9.0,14.0,2.0,0.92,216.0,217.0,149.0,0.687,127.0,189.0
2023,2022-23,Daytona State,daytonastatecollege,659,43.0,23.0,25.0,7.0,0.873,454.0,320.0,270.0,0.844,212.0,331.0
2023,2022-23,Delaware Tech,delawaretechnicalcommunitycollege,564,44.0,26.0,17.0,4.0,0.915,321.0,251.0,200.0,0.797,177.0,316.0
2023,2022-23,Delgado,delgadocommunitycollege,627,46.0,39.0,8.0,11.0,0.81,294.0,182.0,154.0,0.846,127.0,299.0
2023,2022-23,Delta,deltacollege,280,23.0,2.0,13.0,0.0,1.0,231.0,210.0,137.0,0.652,115.0,161.0
2023,2022-23,Des Moines Area,desmoinesareacommunitycollege,651,44.0,22.0,22.0,10.0,0.815,333.0,267.0,195.0,0.73,187.0,311.0
2023,2022-23,Dodge City,dodgecitycommunitycollege,713,50.0,25.0,25.0,5.0,0.909,450.0,357.0,305.0,0.854,222.0,373.0
2023,2022-23,DuPage,collegeofdupage,498,40.0,28.0,12.0,6.0,0.87,290.0,221.0,176.0,0.796,166.0,250.0
2023,2022-23,Dutchess,dutchesscommunitycollege,246,18.0,3.0,16.0,2.0,0.905,172.0,188.0,154.0,0.819,127.0,72.0
2023,2022-23,Dyersburg State,dyersburgstatecommunitycollege,678,47.0,30.0,16.0,6.0,0.885,353.0,228.0,190.0,0.833,199.0,431.0
2023,2022-23,East Central (MO),eastcentralcollege,503,37.0,17.0,18.0,4.0,0.897,300.0,258.0,203.0,0.787,151.0,220.0
2023,2022-23,East Central (MS),eastcentralcommunitycollege,734,10.0,30.0,9.0,11.0,0.78,354.0,251.0,208.0,0.829,191.0,336.0
2023,2022-23,East Georgia State,eastgeorgiacollege,667,10.0,21.0,19.0,0.0,1.0,390.0,303.0,253.0,0.835,214.0,341.0
2023,2022-23,East Mississippi,eastmississippicommunitycollege,690,46.0,23.0,23.0,8.0,0.852,377.0,305.0,244.0,0.8,221.0,307.0
2023,2022-23,Eastern Arizona,easternarizonacollege,692,50.0,24.0,26.0,5.0,0.909,335.0,193.0,157.0,0.813,163.0,338.0
2023,2022-23,Eastern Florida State,easternfloridastatecollege,664,49.0,21.0,27.0,5.0,0.906,426.0,301.0,235.0,0.781,178.0,346.0
2023,2022-23,Eastern Oklahoma State,easternoklahomastatecollege,600,42.0,23.0,18.0,5.0,0.891,329.0,254.0,193.0,0.76,168.0,330.0
2023,2022-23,Edison State,edisoncommunitycollege,375,31.0,15.0,15.0,2.0,0.938,289.0,261.0,202.0,0.774,149.0,192.0
2023,2022-23,El Paso,elpasocommunitycollege,626,48.0,25.0,23.0,14.0,0.774,430.0,341.0,285.0,0.836,219.0,444.0
2023,2022-23,Elgin,elgincommunitycollege,574,38.0,14.0,21.0,4.0,0.897,343.0,290.0,207.0,0.714,149.0,262.0
2023,2022-23,Ellsworth,ellsworthcommunitycollege,533,38.0,18.0,20.0,6.0,0.864,309.0,293.0,203.0,0.693,202.0,290.0
2023,2022-23,Enterprise State,enterprisestatecommunitycollege,582,0.0,21.0,26.0,6.0,0.887,413.0,354.0,270.0,0.763,171.0,207.0
2023,2022-23,Erie,eriecommunitycollege,552,41.0,23.0,16.0,3.0,0.929,301.0,225.0,160.0,0.711,119.0,255.0
2023,2022-23,Fayetteville Tech,fayettevilletechnicalcommunitycollege,653,43.0,15.0,21.0,3.0,0.923,319.0,239.0,175.0,0.732,216.0,353.0
2023,2022-23,Finger Lakes,fingerlakescommunitycollege,604,44.0,32.0,11.0,6.0,0.878,274.0,168.0,136.0,0.81,144.0,355.0
2023,2022-23,Florence-Darlington Tech,florencedarlingtontechnicalcollege,748,53.0,45.0,8.0,12.0,0.815,334.0,185.0,148.0,0.8,142.0,330.0
2023,2022-23,Florida SouthWestern State,floridasouthwesternstatecollege,697,50.0,30.0,20.0,12.0,0.806,396.0,261.0,198.0,0.759,205.0,387.0
2023,2022-23,Florida State Jacksonville,floridastatecollegeatjacksonville,639,48.0,12.0,36.0,6.0,0.889,428.0,363.0,281.0,0.774,237.0,306.0
2023,2022-23,Fort Scott,fortscottcommunitycollege,784,86.0,49.0,37.0,6.0,0.935,683.0,566.0,503.0,0.889,398.0,494.0
2023,2022-23,Frank Phillips,frankphillipscollege,631,0.0,19.0,29.0,10.0,0.828,485.0,378.0,324.0,0.857,208.0,341.0
2023,2022-23,Frederick,frederickcommunitycollege,518,40.0,29.0,11.0,12.0,0.769,228.0,174.0,136.0,0.782,141.0,236.0
2023,2022-23,Frontier,frontiercommunitycollege,644,17.0,20.0,22.0,7.0,0.857,288.0,252.0,192.0,0.762,216.0,333.0
2023,2022-23,Galveston,galvestoncollege,724,52.0,20.0,30.0,7.0,0.877,391.0,292.0,239.0,0.818,227.0,410.0
2023,2022-23,Garden City,gardencitycommunitycollege,659,47.0,7.0,41.0,4.0,0.923,525.0,563.0,465.0,0.826,337.0,279.0
2023,2022-23,Garrett,garrettcollege,555,43.0,17.0,24.0,3.0,0.932,403.0,297.0,227.0,0.764,146.0,236.0
2023,2022-23,Gaston College,gastoncollege,677,48.0,38.0,9.0,5.0,0.904,325.0,200.0,170.0,0.85,138.0,417.0
2023,2022-23,GateWay (AZ),gatewaycommunitycollegeaz,699,47.0,26.0,22.0,11.0,0.814,433.0,293.0,218.0,0.744,213.0,364.0
2023,2022-23,Genesee,geneseecommunitycollege,433,7.0,23.0,2.0,2.0,0.926,186.0,127.0,94.0,0.74,117.0,227.0
2023,2022-23,Georgia Highlands,georgiahighlandscollege,712,49.0,30.0,15.0,9.0,0.833,372.0,251.0,210.0,0.837,145.0,305.0
2023,2022-23,Glen Oaks,glenoakscommunitycollege,395,19.0,6.0,25.0,0.0,1.0,328.0,313.0,229.0,0.732,147.0,146.0
2023,2022-23,Glendale,glendalecommunitycollege,800,53.0,27.0,25.0,12.0,0.812,444.0,319.0,251.0,0.787,225.0,410.0
2023,2022-23,Gordon State,gordonstatecollege,693,50.0,22.0,27.0,4.0,0.925,385.0,367.0,272.0,0.741,284.0,310.0
2023,2022-23,Grand Rapids,grandrapidscommunitycollege,547,38.0,26.0,12.0,2.0,0.95,233.0,173.0,135.0,0.78,124.0,244.0
2023,2022-23,Grayson,graysoncollege,457,34.0,8.0,6.0,2.0,0.875,257.0,241.0,194.0,0.805,202.0,291.0
2023,2022-23,Guilford Tech,guilfordtechnicalcommunitycollege,290,21.0,7.0,15.0,1.0,0.957,180.0,170.0,144.0,0.847,137.0,147.0
2023,2022-23,Gulf Coast State,gulfcoaststatecollege,585,45.0,28.0,17.0,2.0,0.957,303.0,307.0,238.0,0.775,256.0,391.0
2023,2022-23,Hagerstown,hagerstowncommunitycollege,552,42.0,21.0,22.0,3.0,0.935,332.0,285.0,200.0,0.702,207.0,323.0
2023,2022-23,Harford,harfordcommunitycollege,636,45.0,29.0,16.0,10.0,0.818,314.0,257.0,189.0,0.735,212.0,358.0
2023,2022-23,Harper,harpercollege,422,30.0,7.0,24.0,1.0,0.969,299.0,308.0,228.0,0.74,170.0,142.0
2023,2022-23,Heartland,heartlandcommunitycollege,625,44.0,40.0,4.0,2.0,0.957,282.0,163.0,138.0,0.847,107.0,352.0
2023,2022-23,Henry Ford,henryfordcollege,404,12.0,16.0,13.0,7.0,0.806,238.0,164.0,132.0,0.805,117.0,228.0
2023,2022-23,Herkimer,herkimercollege,424,4.0,26.0,5.0,4.0,0.886,179.0,130.0,101.0,0.777,97.0,257.0
2023,2022-23,Hesston,hesstoncollege,525,4.0,24.0,14.0,6.0,0.864,355.0,279.0,217.0,0.778,152.0,237.0
2023,2022-23,Highland (IL),highlandcommunitycollegeillinois,503,40.0,17.0,16.0,2.0,0.943,284.0,240.0,166.0,0.692,145.0,279.0
2023,2022-23,Highland (KS),highlandcommunitycollegekansas,683,44.0,14.0,40.0,4.0,0.931,467.0,459.0,378.0,0.824,322.0,313.0
2023,2022-23,Hill,hillcollege,648,0.0,27.0,21.0,2.0,0.96,401.0,322.0,291.0,0.904,209.0,306.0
2023,2022-23,Hillsborough,hillsboroughcommunitycollege,699,4.0,10.0,25.0,3.0,0.921,490.0,354.0,257.0,0.726,211.0,365.0
2023,2022-23,Hinds,hindscommunitycollege,548,25.0,24.0,19.0,5.0,0.896,373.0,282.0,207.0,0.734,193.0,297.0
2023,2022-23,Hocking,hocking,423,2.0,7.0,26.0,3.0,0.917,372.0,324.0,256.0,0.79,131.0,139.0
2023,2022-23,Holmes,holmescommunitycollege,565,42.0,9.0,31.0,0.0,1.0,446.0,417.0,352.0,0.844,221.0,177.0
2023,2022-23,Holyoke,holyokecommunitycollege,232,6.0,1.0,0.0,0.0,1.0,3.0,4.0,4.0,1.0,6.0,2.0
2023,2022-23,Howard (TX),howardcollege,795,79.0,27.0,36.0,4.0,0.94,554.0,531.0,454.0,0.855,382.0,396.0
2023,2022-23,Hudson Valley,hudsonvalleycommunitycollege,470,33.0,18.0,15.0,2.0,0.943,232.0,197.0,152.0,0.772,150.0,268.0
2023,2022-23,Hutchinson,hutchinsoncommunitycollege,659,50.0,27.0,22.0,7.0,0.875,438.0,308.0,255.0,0.828,153.0,390.0
2023,2022-23,Illinois Central,illinoiscentralcollege,497,38.0,15.0,25.0,5.0,0.889,304.0,247.0,201.0,0.814,176.0,273.0
2023,2022-23,Illinois Valley,illinoisvalleycommunitycollege,341,2.0,0.0,3.0,0.0,1.0,203.0,207.0,175.0,0.845,133.0,132.0
2023,2022-23,Indian Hills,indianhillscommunitycollege,652,41.0,30.0,11.0,12.0,0.774,290.0,199.0,152.0,0.764,143.0,367.0
2023,2022-23,Indian River State,indianriverstatecollege,565,12.0,25.0,17.0,4.0,0.913,351.0,239.0,186.0,0.778,157.0,359.0
2023,2022-23,Iowa Central,iowacentralcommunitycollege,594,45.0,36.0,9.0,10.0,0.818,298.0,218.0,175.0,0.803,188.0,436.0
2023,2022-23,Iowa Lakes,iowalakescommunitycollege,547,39.0,3.0,36.0,0.0,1.0,391.0,452.0,350.0,0.774,216.0,194.0
2023,2022-23,Iowa Western,iowawesterncommunitycollege,634,41.0,32.0,9.0,12.0,0.774,287.0,187.0,163.0,0.872,177.0,353.0
2023,2022-23,Itawamba,itawambacommunitycollege,564,7.0,32.0,11.0,5.0,0.896,333.0,213.0,172.0,0.808,168.0,330.0
2023,2022-23,Ivy Tech Fort Wayne,ivytechcommunitycollegenortheast,486,39.0,23.0,14.0,3.0,0.925,278.0,229.0,136.0,0.594,148.0,240.0
2023,2022-23,Jackson,jacksoncollege,502,37.0,23.0,14.0,3.0,0.925,240.0,200.0,165.0,0.825,186.0,215.0
2023,2022-23,Jackson State,jacksonstatecommunitycollege,477,36.0,6.0,23.0,2.0,0.935,345.0,297.0,251.0,0.845,161.0,189.0
2023,2022-23,Jamestown,jamestowncommunitycollege,394,27.0,11.0,21.0,1.0,0.97,298.0,299.0,229.0,0.766,159.0,110.0
2023,2022-23,Jefferson (MO),jeffersoncollege,559,5.0,19.0,11.0,3.0,0.909,287.0,221.0,155.0,0.701,178.0,417.0
2023,2022-23,Jefferson (NY),jeffersoncommunitycollege,275,24.0,5.0,11.0,2.0,0.889,196.0,200.0,168.0,0.84,101.0,122.0
2023,2022-23,John A. Logan,johnalogancollege,664,47.0,33.0,14.0,9.0,0.839,309.0,250.0,204.0,0.816,255.0,452.0
2023,2022-23,John Wood,johnwoodcommunitycollege,607,38.0,32.0,14.0,10.0,0.821,336.0,272.0,208.0,0.765,213.0,369.0
2023,2022-23,Johnson County,johnsoncountycommunitycollege,704,50.0,42.0,7.0,13.0,0.79,298.0,201.0,161.0,0.801,158.0,488.0
2023,2022-23,Joliet,jolietjuniorcollege,670,49.0,28.0,19.0,13.0,0.783,412.0,307.0,243.0,0.792,199.0,355.0
2023,2022-23,Jones,jonescollege,626,46.0,33.0,14.0,9.0,0.839,340.0,237.0,177.0,0.747,177.0,385.0
2023,2022-23,Kalamazoo Valley,kalamazoovalleycommunitycollege,529,40.0,18.0,20.0,5.0,0.884,322.0,299.0,214.0,0.716,141.0,205.0
2023,2022-23,Kankakee,kankakeecommunitycollege,553,40.0,26.0,14.0,7.0,0.851,338.0,255.0,181.0,0.71,165.0,316.0
2023,2022-23,Kansas City Kansas,kansascitykansascommunitycollege,696,49.0,29.0,20.0,6.0,0.891,417.0,301.0,282.0,0.937,188.0,355.0
2023,2022-23,Kaskaskia,kaskaskiacollege,607,44.0,24.0,20.0,12.0,0.786,386.0,299.0,250.0,0.836,205.0,284.0
2023,2022-23,Kellogg,kelloggcommunitycollege,494,35.0,27.0,6.0,6.0,0.846,237.0,184.0,132.0,0.717,152.0,267.0
2023,2022-23,Kingsborough,kingsboroughcommunitycollege,429,29.0,21.0,9.0,5.0,0.857,250.0,217.0,142.0,0.654,133.0,256.0
2023,2022-23,Kirkwood,kirkwoodcommunitycollege,624,45.0,29.0,16.0,10.0,0.818,385.0,247.0,198.0,0.802,168.0,340.0
2023,2022-23,Kishwaukee,kishwaukeecollege,395,28.0,4.0,28.0,0.0,1.0,327.0,351.0,274.0,0.781,204.0,158.0
2023,2022-23,LSU Eunice,louisianastateuniversityeunice,732,17.0,43.0,3.0,12.0,0.793,291.0,158.0,119.0,0.753,159.0,420.0
2023,2022-23,Labette,labettecommunitycollege,616,44.0,19.0,25.0,10.0,0.815,398.0,371.0,304.0,0.819,234.0,346.0
2023,2022-23,Lackawanna,lackawannacollege,635,42.0,29.0,13.0,6.0,0.875,310.0,269.0,227.0,0.844,215.0,298.0
2023,2022-23,Lake County,collegeoflakecounty,491,38.0,26.0,11.0,3.0,0.925,286.0,238.0,178.0,0.748,183.0,262.0
2023,2022-23,Lake Land,lakelandcollege,753,44.0,21.0,25.0,3.0,0.939,423.0,342.0,261.0,0.763,223.0,368.0
2023,2022-23,Lake Michigan,lakemichigancollege,215,12.0,4.0,11.0,0.0,1.0,167.0,160.0,120.0,0.75,83.0,99.0
2023,2022-23,Lake Region State,lakeregionstatecollegend,350,29.0,11.0,17.0,2.0,0.933,221.0,242.0,173.0,0.715,183.0,177.0
2023,2022-23,Lake-Sumter State,lakesumterstatecollege,743,55.0,18.0,36.0,8.0,0.871,525.0,453.0,385.0,0.85,343.0,425.0
2023,2022-23,Lakeland,lakelandcommunitycollege,291,3.0,5.0,11.0,0.0,1.0,169.0,170.0,120.0,0.706,132.0,143.0
2023,2022-23,Lamar,lamarcommunitycollege,667,3.0,14.0,41.0,4.0,0.932,619.0,645.0,541.0,0.839,282.0,334.0
2023,2022-23,Lansing,lansingcommunitycollege,568,44.0,37.0,7.0,7.0,0.863,238.0,166.0,122.0,0.735,129.0,320.0
2023,2022-23,Lawson State,lawsonstatecommunitycollege,564,8.0,28.0,17.0,4.0,0.918,283.0,195.0,162.0,0.831,166.0,251.0
2023,2022-23,Lehigh Carbon,lehighcarboncommunitycollege,370,28.0,8.0,21.0,3.0,0.906,264.0,283.0,216.0,0.763,195.0,158.0
2023,2022-23,Lenoir,lenoircommunitycollege,737,43.0,30.0,14.0,7.0,0.863,351.0,255.0,197.0,0.773,186.0,295.0
2023,2022-23,Lewis & Clark,lewisclarkcommunitycollege,623,47.0,27.0,20.0,9.0,0.839,336.0,298.0,200.0,0.671,231.0,332.0
2023,2022-23,Lincoln Land,lincolnlandcommunitycollege,530,42.0,24.0,18.0,8.0,0.84,265.0,168.0,136.0,0.81,132.0,341.0
2023,2022-23,Lincoln Trail,lincolntrailcollege,570,41.0,22.0,14.0,6.0,0.857,270.0,201.0,164.0,0.816,196.0,341.0
2023,2022-23,Lorain County,loraincountycommunitycollege,366,22.0,5.0,22.0,0.0,1.0,349.0,360.0,278.0,0.772,169.0,129.0
2023,2022-23,Louisburg,louisburgcollege,693,50.0,24.0,24.0,2.0,0.96,359.0,240.0,187.0,0.779,198.0,415.0
2023,2022-23,Luna,lunacommunitycollege,715,77.0,24.0,49.0,4.0,0.948,617.0,548.0,384.0,0.701,317.0,348.0
2023,2022-23,Lurleen B. Wallace,lurleenbwallacecommunitycollege,603,46.0,19.0,25.0,3.0,0.936,360.0,288.0,216.0,0.75,146.0,241.0
2023,2022-23,Macomb,macombcommunitycollege,562,38.0,8.0,27.0,4.0,0.897,332.0,318.0,241.0,0.758,210.0,252.0
2023,2022-23,Madison,madisoncollege,490,38.0,30.0,8.0,6.0,0.864,299.0,165.0,122.0,0.739,118.0,309.0
2023,2022-23,Marian-Ancilla,ancillacollege,248,7.0,1.0,16.0,0.0,1.0,159.0,157.0,129.0,0.822,85.0,98.0
2023,2022-23,Marion Military,marionmilitaryinstitute,580,45.0,21.0,23.0,8.0,0.846,340.0,245.0,185.0,0.755,172.0,223.0
2023,2022-23,Marshalltown,marshalltowncc,447,28.0,4.0,27.0,0.0,1.0,474.0,498.0,391.0,0.785,157.0,152.0
2023,2022-23,Massasoit,massasoitcommunitycollege,306,24.0,17.0,4.0,1.0,0.955,122.0,118.0,69.0,0.585,95.0,158.0
2023,2022-23,McCook,mccookcommunitycollege,654,50.0,28.0,20.0,9.0,0.842,415.0,340.0,252.0,0.741,191.0,343.0
2023,2022-23,McHenry County,mchenrycountycollege,540,0.0,35.0,8.0,8.0,0.843,297.0,210.0,155.0,0.738,145.0,311.0
2023,2022-23,McLennan,mclennancommunitycollege,978,50.0,33.0,16.0,8.0,0.86,304.0,180.0,139.0,0.772,179.0,449.0
2023,2022-23,Mercer County,mercercountycommunitycollege,518,41.0,21.0,20.0,7.0,0.854,345.0,282.0,234.0,0.83,209.0,250.0
2023,2022-23,Meridian,meridiancommunitycollege,617,31.0,34.0,10.0,5.0,0.898,288.0,208.0,156.0,0.75,217.0,367.0
2023,2022-23,Mesa,mesacommunitycollege,783,10.0,19.0,30.0,5.0,0.907,450.0,352.0,254.0,0.722,249.0,271.0
2023,2022-23,Metropolitan,metropolitancommunitycollege,565,1.0,6.0,20.0,1.0,0.963,462.0,427.0,339.0,0.794,219.0,243.0
2023,2022-23,Miami Dade,miamidadecollege,603,45.0,31.0,13.0,13.0,0.772,336.0,217.0,166.0,0.765,184.0,396.0
2023,2022-23,Mid Michigan,midmichigancollege,389,14.0,21.0,11.0,1.0,0.97,200.0,155.0,109.0,0.703,111.0,183.0
2023,2022-23,Middlesex College,middlesexcollege,509,39.0,29.0,11.0,2.0,0.952,273.0,154.0,115.0,0.747,132.0,329.0
2023,2022-23,Midland,midlandcollege,645,46.0,34.0,8.0,3.0,0.933,310.0,207.0,182.0,0.879,166.0,345.0
2023,2022-23,Miles,milescommunitycollege,541,33.0,23.0,9.0,3.0,0.914,272.0,201.0,163.0,0.811,137.0,243.0
2023,2022-23,Milwaukee Area Tech,milwaukeeareatechnicalcollege,586,38.0,22.0,16.0,1.0,0.974,283.0,250.0,147.0,0.588,196.0,260.0
2023,2022-23,Mineral Area,mineralareacollege,642,49.0,31.0,18.0,6.0,0.891,271.0,187.0,133.0,0.711,204.0,445.0
2023,2022-23,Minnesota State,minnesotastatecommunityandtechnical,250,7.0,9.0,15.0,4.0,0.857,247.0,218.0,191.0,0.876,104.0,117.0
2023,2022-23,Minnesota West,minnesotawestcommunitytechnicalcol,263,20.0,4.0,12.0,1.0,0.941,178.0,204.0,138.0,0.676,148.0,116.0
2023,2022-23,Mississippi Delta,mississippideltacommunitycollege,503,11.0,12.0,26.0,4.0,0.905,387.0,352.0,290.0,0.824,177.0,169.0
2023,2022-23,Mississippi Gulf Coast,mississippigulfcoastcommunitycollege,628,44.0,20.0,24.0,4.0,0.917,376.0,292.0,239.0,0.818,181.0,289.0
2023,2022-23,Moberly Area,moberlyareacommunitycollege,275,1.0,2.0,10.0,0.0,1.0,174.0,148.0,105.0,0.709,84.0,91.0
2023,2022-23,Mohawk Valley,mohawkvalleycommunitycollege,382,0.0,15.0,14.0,2.0,0.935,214.0,182.0,138.0,0.758,147.0,180.0
2023,2022-23,Monroe CC,monroecommunitycollege,421,33.0,12.0,20.0,1.0,0.97,267.0,215.0,171.0,0.795,147.0,188.0
2023,2022-23,Monroe College,monroecollege,549,48.0,30.0,17.0,12.0,0.797,311.0,290.0,235.0,0.81,237.0,386.0
2023,2022-23,Monroe College - Bronx,monroecollegebronx,498,24.0,20.0,10.0,8.0,0.789,257.0,251.0,183.0,0.729,185.0,208.0
2023,2022-23,Montgomery,montgomerycollegemd,520,8.0,24.0,14.0,2.0,0.95,308.0,233.0,185.0,0.794,162.0,230.0
2023,2022-23,Montgomery County,montgomerycountycommunitycollegepa,274,23.0,12.0,10.0,2.0,0.917,170.0,177.0,109.0,0.616,99.0,131.0
2023,2022-23,Moraine Valley,morainevalleycommunitycollege,400,27.0,5.0,1.0,1.0,0.857,303.0,295.0,216.0,0.732,177.0,185.0
2023,2022-23,Morris,countycollegeofmorris,582,5.0,16.0,7.0,4.0,0.852,290.0,241.0,165.0,0.685,183.0,268.0
2023,2022-23,Morton,mortoncollege,581,0.0,30.0,15.0,3.0,0.938,373.0,297.0,231.0,0.778,175.0,279.0
2023,2022-23,Motlow State,motlowstatecommunitycollege,545,47.0,13.0,15.0,4.0,0.875,397.0,280.0,234.0,0.836,192.0,343.0
2023,2022-23,Mott,mottcommunitycollege,474,36.0,17.0,19.0,4.0,0.9,261.0,223.0,159.0,0.713,176.0,241.0
2023,2022-23,Murray State,murraystatecollege,689,48.0,34.0,14.0,11.0,0.814,371.0,275.0,216.0,0.785,203.0,433.0
2023,2022-23,Muskegon,muskegoncommunitycollege,552,15.0,19.0,21.0,2.0,0.952,400.0,297.0,212.0,0.714,130.0,268.0
2023,2022-23,Nassau,nassaucommunitycollege,283,6.0,9.0,1.0,1.0,0.909,176.0,138.0,95.0,0.688,113.0,171.0
2023,2022-23,National Park,nationalparkcollege,626,45.0,13.0,20.0,4.0,0.892,378.0,368.0,294.0,0.799,268.0,269.0
2023,2022-23,Navarro,navarrocollege,617,20.0,32.0,23.0,13.0,0.809,381.0,259.0,187.0,0.722,254.0,391.0
2023,2022-23,Neosho County,neoshocountycommunitycollege,588,18.0,30.0,16.0,6.0,0.885,306.0,198.0,170.0,0.859,165.0,283.0
2023,2022-23,New Mexico,newmexicojuniorcollege,607,47.0,37.0,9.0,11.0,0.807,377.0,263.0,219.0,0.833,191.0,393.0
2023,2022-23,New Mexico Military,newmexicomilitaryinstitute,664,56.0,35.0,14.0,5.0,0.907,480.0,404.0,353.0,0.874,250.0,331.0
2023,2022-23,Niagara County,niagaracountycommunitycollege,464,35.0,29.0,5.0,8.0,0.81,152.0,100.0,79.0,0.79,92.0,320.0
2023,2022-23,North Arkansas,northarkansascollege,657,46.0,35.0,12.0,5.0,0.904,280.0,175.0,128.0,0.731,171.0,390.0
2023,2022-23,North Central Missouri,northcentralmissouricollege,617,45.0,19.0,26.0,3.0,0.938,328.0,321.0,222.0,0.692,212.0,325.0
2023,2022-23,North Central Texas,northcentraltexascollege,591,47.0,15.0,26.0,6.0,0.872,433.0,408.0,328.0,0.804,253.0,296.0
2023,2022-23,North Dakota SCS,northdakotastatecollegeofscience,181,17.0,2.0,10.0,0.0,1.0,139.0,140.0,107.0,0.764,86.0,64.0
2023,2022-23,North Iowa Area,northiowaareacommunitycollege,589,42.0,17.0,25.0,2.0,0.955,306.0,291.0,223.0,0.766,198.0,348.0
2023,2022-23,Northampton,northamptoncommunitycollege,516,33.0,22.0,12.0,2.0,0.944,267.0,200.0,140.0,0.7,114.0,224.0
2023,2022-23,Northeast,northeastcommunitycollege,639,44.0,32.0,13.0,3.0,0.938,332.0,233.0,187.0,0.803,170.0,365.0
2023,2022-23,Northeast Mississippi,northeastmississippicommunitycollege,616,46.0,28.0,18.0,4.0,0.92,370.0,263.0,218.0,0.829,186.0,266.0
2023,2022-23,Northeast Texas,northeasttexascommunitycollege,717,51.0,20.0,30.0,1.0,0.98,431.0,359.0,260.0,0.724,273.0,350.0
2023,2022-23,Northeastern,northeasternjuniorcollege,760,0.0,27.0,26.0,8.0,0.869,460.0,428.0,331.0,0.773,284.0,403.0
2023,2022-23,Northeastern Oklahoma A&M,northeasternoklahomaamcollege,662,45.0,16.0,14.0,2.0,0.938,395.0,351.0,255.0,0.726,232.0,358.0
2023,2022-23,Northern Essex,northernessexcommunitycollege,345,4.0,21.0,6.0,3.0,0.9,112.0,98.0,72.0,0.735,108.0,221.0
2023,2022-23,Northern Oklahoma Enid,northernoklahomacollegeenid,616,40.0,9.0,11.0,2.0,0.909,436.0,367.0,320.0,0.872,215.0,321.0
2023,2022-23,Northern Oklahoma Tonkawa,northernoklahomacollegetonkawa,620,48.0,31.0,17.0,10.0,0.828,440.0,305.0,256.0,0.839,165.0,315.0
2023,2022-23,Northland,northlandcommunitytechnicalcollege,104,8.0,2.0,3.0,1.0,0.833,76.0,61.0,55.0,0.902,41.0,33.0
2023,2022-23,Northwest Florida State,northwestfloridastatecollege,611,43.0,26.0,17.0,5.0,0.896,288.0,187.0,146.0,0.781,163.0,377.0
2023,2022-23,Northwest Mississippi,northwestmississippicommunitycollege,628,47.0,22.0,25.0,13.0,0.783,336.0,325.0,273.0,0.84,280.0,355.0
2023,2022-23,Nunez,nunezcommunitycollege,609,38.0,25.0,23.0,6.0,0.889,337.0,265.0,215.0,0.811,208.0,350.0
2023,2022-23,Oakton,oaktoncommunitycollege,645,43.0,20.0,23.0,3.0,0.935,386.0,291.0,229.0,0.787,152.0,298.0
2023,2022-23,Ocean County,oceancountycollege,340,1.0,14.0,14.0,1.0,0.966,316.0,239.0,186.0,0.778,97.0,135.0
2023,2022-23,Odessa,odessacollege,750,47.0,26.0,9.0,3.0,0.921,394.0,266.0,219.0,0.823,178.0,386.0
2023,2022-23,Olive-Harvey,oliveharveycollege,333,20.0,5.0,18.0,2.0,0.92,185.0,204.0,155.0,0.76,157.0,130.0
2023,2022-23,Olney Central,olneycentralcollege,582,47.0,29.0,18.0,4.0,0.922,347.0,235.0,156.0,0.664,162.0,360.0
2023,2022-23,Onondaga,onondagacommunitycollege,439,15.0,13.0,19.0,1.0,0.97,276.0,221.0,182.0,0.824,107.0,161.0
2023,2022-23,Orange County,orangecountycommunitycollege,308,15.0,4.0,21.0,0.0,1.0,286.0,245.0,194.0,0.792,128.0,128.0
2023,2022-23,Otero,oterocollege,676,46.0,19.0,31.0,5.0,0.909,480.0,407.0,336.0,0.826,213.0,317.0
2023,2022-23,Owens,owenscommunitycollege,527,3.0,37.0,1.0,5.0,0.884,252.0,135.0,95.0,0.704,139.0,310.0
2023,2022-23,Palm Beach State,palmbeachstatecollege,570,41.0,25.0,19.0,9.0,0.83,389.0,275.0,223.0,0.811,189.0,365.0
2023,2022-23,Panola,panolacollege,712,0.0,25.0,25.0,7.0,0.877,379.0,276.0,219.0,0.793,228.0,375.0
2023,2022-23,Paradise Valley,paradisevalleycommunitycollege,822,0.0,27.0,28.0,9.0,0.859,436.0,283.0,223.0,0.788,248.0,422.0
2023,2022-23,Paris,parisjuniorcollege,726,53.0,36.0,18.0,9.0,0.857,423.0,301.0,218.0,0.724,242.0,373.0
2023,2022-23,Parkland,parklandcollege,564,41.0,33.0,9.0,2.0,0.955,262.0,212.0,167.0,0.788,190.0,438.0
2023,2022-23,Pasco-Hernando State,pascohernandostatecollege,654,50.0,35.0,13.0,8.0,0.857,328.0,198.0,157.0,0.793,194.0,426.0
2023,2022-23,Patrick & Henry,patrickhenrycommunitycollege,514,30.0,20.0,12.0,2.0,0.941,263.0,188.0,163.0,0.867,175.0,280.0
2023,2022-23,Pearl River,pearlrivercommunitycollege,676,50.0,40.0,10.0,8.0,0.862,320.0,167.0,118.0,0.707,160.0,461.0
2023,2022-23,Pensacola State,pensacolastatecollege,611,47.0,31.0,16.0,8.0,0.855,324.0,231.0,187.0,0.81,197.0,363.0
2023,2022-23,Phoenix,phoenixcollege,811,49.0,23.0,28.0,4.0,0.927,420.0,327.0,230.0,0.703,271.0,449.0
2023,2022-23,Pima,pimacommunitycollege,820,54.0,40.0,14.0,16.0,0.771,363.0,204.0,165.0,0.809,162.0,432.0
2023,2022-23,Pitt,pittcommunitycollege,513,34.0,23.0,13.0,8.0,0.818,330.0,224.0,170.0,0.759,161.0,301.0
2023,2022-23,Polk State,polkstatecollege,727,51.0,32.0,21.0,16.0,0.768,502.0,375.0,299.0,0.797,248.0,493.0
2023,2022-23,Potomac State,wvupotomacstatecollege,556,40.0,44.0,12.0,21.0,0.727,348.0,190.0,169.0,0.889,199.0,450.0
2023,2022-23,Prairie State,prairiestatecollege,525,41.0,9.0,32.0,4.0,0.911,378.0,387.0,268.0,0.693,178.0,211.0
2023,2022-23,Pratt,prattcommunitycollege,599,45.0,21.0,25.0,4.0,0.92,400.0,351.0,292.0,0.832,183.0,321.0
2023,2022-23,Prince George's,princegeorgescommunitycollege,380,29.0,6.0,24.0,1.0,0.968,251.0,303.0,190.0,0.627,174.0,128.0
2023,2022-23,Queensborough,queensboroughcommunitycollege,194,17.0,5.0,14.0,0.0,1.0,244.0,238.0,165.0,0.693,94.0,99.0
2023,2022-23,Quincy College,quincycollege,225,1.0,8.0,11.0,0.0,1.0,174.0,157.0,109.0,0.694,87.0,123.0
2023,2022-23,Quinsigamond,quinsigamondcommunitycollege,155,16.0,8.0,7.0,0.0,1.0,121.0,104.0,90.0,0.865,62.0,84.0
2023,2022-23,RCSJ Cumberland,rowancollegeofsouthjerseycumberland,395,5.0,9.0,12.0,2.0,0.913,220.0,208.0,130.0,0.625,126.0,238.0
2023,2022-23,RCSJ Gloucester,rowancollegesouthjerseygloucester,549,41.0,36.0,5.0,8.0,0.837,268.0,190.0,140.0,0.737,153.0,340.0
2023,2022-23,Ranger,rangercollege,627,0.0,29.0,22.0,11.0,0.823,405.0,336.0,236.0,0.702,252.0,373.0
2023,2022-23,Raritan Valley,raritanvalleycommunitycollege,367,28.0,3.0,26.0,0.0,1.0,358.0,415.0,351.0,0.846,207.0,148.0
2023,2022-23,Redlands,redlandscommunitycollege,651,0.0,20.0,28.0,10.0,0.828,422.0,361.0,285.0,0.789,243.0,300.0
2023,2022-23,Rend Lake,rendlakecollege,748,46.0,17.0,23.0,5.0,0.889,335.0,261.0,210.0,0.805,230.0,362.0
2023,2022-23,Rhode Island,communitycollegeofrhodeisland,405,29.0,17.0,13.0,4.0,0.882,199.0,168.0,124.0,0.738,134.0,167.0
2023,2022-23,Richard Bland,richardblandcollege,602,36.0,11.0,28.0,1.0,0.975,334.0,309.0,207.0,0.67,194.0,291.0
2023,2022-23,Ridgewater,ridgewatercollege,188,11.0,5.0,12.0,1.0,0.944,108.0,89.0,78.0,0.876,57.0,116.0
2023,2022-23,Riverland,riverlandcommunitycollege,433,27.0,21.0,7.0,6.0,0.824,201.0,128.0,101.0,0.789,112.0,235.0
2023,2022-23,Roane State,roanestatecommunitycollege,684,49.0,4.0,27.0,1.0,0.969,406.0,400.0,346.0,0.865,261.0,264.0
2023,2022-23,Rochester,rochestercommunityandtechnicalcolleg,432,25.0,13.0,15.0,2.0,0.933,236.0,188.0,175.0,0.931,119.0,153.0
2023,2022-23,Rock Valley,rockvalleycollege,641,44.0,25.0,21.0,6.0,0.885,316.0,258.0,204.0,0.791,194.0,366.0
2023,2022-23,Rockingham,rockinghamcommunitycollege,498,36.0,6.0,13.0,1.0,0.95,339.0,306.0,254.0,0.83,231.0,204.0
2023,2022-23,Rockland,rocklandcommunitycollege,577,9.0,17.0,26.0,1.0,0.977,421.0,345.0,257.0,0.745,164.0,232.0
2023,2022-23,Rose State,rosestatecollege,535,5.0,21.0,21.0,6.0,0.875,392.0,366.0,279.0,0.762,218.0,269.0
2023,2022-23,Roxbury,roxburycommunitycollege,111,12.0,0.0,9.0,0.0,1.0,180.0,233.0,173.0,0.742,76.0,50.0
2023,2022-23,SUNY Adirondack,sunyadirondack,527,39.0,18.0,21.0,3.0,0.929,280.0,220.0,166.0,0.755,126.0,237.0
2023,2022-23,SUNY Broome,sunybroomecommunitycollege,245,24.0,1.0,10.0,0.0,1.0,256.0,259.0,189.0,0.73,132.0,90.0
2023,2022-23,Salem,salemcommunitycollege,429,1.0,10.0,21.0,2.0,0.939,295.0,246.0,200.0,0.813,140.0,139.0
2023,2022-23,Salt Lake,saltlakecommunitycollege,498,36.0,22.0,14.0,2.0,0.947,282.0,160.0,123.0,0.769,109.0,215.0
2023,2022-23,San Jacinto-North,sanjacintocollegenorth,795,50.0,31.0,17.0,10.0,0.828,383.0,262.0,208.0,0.794,207.0,492.0
2023,2022-23,Santa Fe,santafecollege,856,47.0,38.0,8.0,9.0,0.836,378.0,221.0,179.0,0.81,122.0,373.0
2023,2022-23,Sauk Valley,saukvalleycommunitycollege,472,16.0,9.0,26.0,4.0,0.897,273.0,233.0,151.0,0.648,146.0,254.0
2023,2022-23,Schoolcraft,schoolcraftcollege,581,45.0,25.0,20.0,9.0,0.833,316.0,273.0,208.0,0.762,214.0,345.0
2023,2022-23,Scottsdale,scottsdalecommunitycollege,607,45.0,18.0,23.0,9.0,0.82,330.0,234.0,168.0,0.718,153.0,344.0
2023,2022-23,Seminole State (FL),seminolestatecollegeofflorida,683,50.0,23.0,26.0,7.0,0.875,481.0,353.0,272.0,0.771,204.0,415.0
2023,2022-23,Seminole State (OK),seminolestatecollegeok,671,31.0,35.0,14.0,3.0,0.942,337.0,289.0,227.0,0.785,223.0,454.0
2023,2022-23,Seward County,sewardcountycommunitycollege,727,50.0,29.0,22.0,6.0,0.895,479.0,396.0,312.0,0.788,176.0,317.0
2023,2022-23,Shawnee,shawneecommunitycollege,167,0.0,5.0,7.0,0.0,1.0,87.0,78.0,56.0,0.718,61.0,84.0
2023,2022-23,Shelton State,sheltonstatecommunitycollege,778,46.0,51.0,17.0,20.0,0.773,452.0,258.0,194.0,0.752,249.0,501.0
2023,2022-23,Snead State,sneadstatecommunitycollege,605,45.0,19.0,22.0,7.0,0.854,390.0,325.0,233.0,0.717,211.0,297.0
2023,2022-23,South Arkansas,southarkansascommunitycollege,509,21.0,41.0,8.0,11.0,0.817,292.0,210.0,174.0,0.829,173.0,356.0
2023,2022-23,South Florida State,southfloridastatecollege,727,52.0,25.0,25.0,10.0,0.833,413.0,336.0,257.0,0.765,232.0,329.0
2023,2022-23,South Georgia State,southgeorgiastatecollege,755,4.0,32.0,18.0,6.0,0.893,312.0,185.0,149.0,0.805,163.0,360.0
2023,2022-23,South Mountain,southmountaincommunitycollege,716,54.0,41.0,13.0,9.0,0.857,371.0,191.0,158.0,0.827,207.0,447.0
2023,2022-23,South Suburban,southsuburbancollege,668,47.0,30.0,17.0,5.0,0.904,375.0,253.0,203.0,0.802,164.0,357.0
2023,2022-23,Southeast,southeastcommunitycollege,672,50.0,39.0,12.0,21.0,0.708,353.0,255.0,185.0,0.725,206.0,457.0
2023,2022-23,Southeastern,southeasterncommunitycollege,692,53.0,38.0,13.0,11.0,0.823,440.0,283.0,248.0,0.876,180.0,343.0
2023,2022-23,Southeastern Illinois,southeasternillinoiscollege,524,42.0,20.0,22.0,4.0,0.913,344.0,326.0,266.0,0.816,262.0,321.0
2023,2022-23,Southeastern-Whiteville,southeasterncommunitycollegewhitevill,531,23.0,9.0,22.0,3.0,0.912,375.0,298.0,255.0,0.856,182.0,222.0
2023,2022-23,Southern Idaho,collegeofsouthernidaho,622,44.0,27.0,14.0,7.0,0.854,316.0,191.0,149.0,0.78,132.0,431.0
2023,2022-23,Southern Maryland,collegeofsouthernmaryland,472,36.0,16.0,20.0,6.0,0.857,283.0,256.0,189.0,0.738,165.0,212.0
2023,2022-23,Southern Nevada,collegeofsouthernnevada,663,44.0,34.0,10.0,6.0,0.88,288.0,176.0,150.0,0.852,172.0,379.0
2023,2022-23,Southern Union State,southernunionstatecommunitycollege,615,87.0,42.0,33.0,6.0,0.926,574.0,365.0,276.0,0.756,213.0,418.0
2023,2022-23,Southwest Mississippi,southwestmississippicommunitycollege,655,49.0,23.0,26.0,7.0,0.875,405.0,365.0,282.0,0.773,279.0,306.0
2023,2022-23,Southwest Tennessee,southwesttennesseecommunitycollege,754,52.0,39.0,13.0,11.0,0.825,324.0,252.0,224.0,0.889,212.0,443.0
2023,2022-23,Southwest Virginia,southwestvirginia,391,16.0,1.0,15.0,0.0,1.0,291.0,304.0,235.0,0.773,194.0,149.0
2023,2022-23,Southwestern,southwesterncommunitycollege,554,23.0,11.0,23.0,3.0,0.919,451.0,411.0,360.0,0.876,205.0,229.0
2023,2022-23,Southwestern Illinois,southwesternillinoiscollege,769,45.0,35.0,11.0,11.0,0.807,372.0,250.0,170.0,0.68,186.0,375.0
2023,2022-23,Spartanburg Methodist,spartanburgmethodist,688,47.0,27.0,26.0,8.0,0.869,327.0,284.0,219.0,0.771,252.0,439.0
2023,2022-23,Spoon River,spoonrivercollege,543,0.0,17.0,25.0,8.0,0.84,378.0,373.0,276.0,0.74,257.0,311.0
2023,2022-23,St. Charles,stcharlescommunitycollege,706,5.0,26.0,22.0,5.0,0.906,344.0,291.0,209.0,0.718,261.0,382.0
2023,2022-23,St. Clair County,stclaircountycommunitycollege,366,10.0,8.0,16.0,1.0,0.96,187.0,171.0,134.0,0.784,162.0,190.0
2023,2022-23,St. Cloud Tech,stcloudtechnicalcommunitycollege,239,6.0,12.0,7.0,6.0,0.76,110.0,79.0,55.0,0.696,76.0,153.0
2023,2022-23,St. Louis,stlouiscommunitycollege,660,1.0,19.0,29.0,2.0,0.96,397.0,368.0,296.0,0.804,280.0,317.0
2023,2022-23,St. Petersburg,stpetersburgcollege,617,47.0,18.0,29.0,7.0,0.87,481.0,374.0,302.0,0.807,211.0,379.0
2023,2022-23,State College of Florida,statecollegeoffloridamanateesaraso,728,64.0,39.0,19.0,10.0,0.853,524.0,376.0,333.0,0.886,319.0,561.0
2023,2022-23,State Fair,statefaircommunitycollege,750,31.0,18.0,40.0,15.0,0.795,520.0,413.0,262.0,0.634,286.0,434.0
2023,2022-23,Suffolk County,suffolkcc,251,9.0,12.0,0.0,2.0,0.857,115.0,132.0,81.0,0.614,86.0,111.0
2023,2022-23,Sullivan County,sullivancountycommunitycollege,433,17.0,14.0,11.0,3.0,0.893,283.0,270.0,202.0,0.748,170.0,197.0
2023,2022-23,Surry,surrycommunitycollege,491,14.0,17.0,18.0,4.0,0.897,299.0,231.0,179.0,0.775,161.0,252.0
2023,2022-23,Sussex County,sussexcountycommunitycollege,410,32.0,26.0,7.0,6.0,0.846,238.0,158.0,114.0,0.722,112.0,220.0
2023,2022-23,Tallahassee,tallahasseecommunitycollege,614,44.0,29.0,15.0,7.0,0.863,367.0,240.0,190.0,0.792,153.0,262.0
2023,2022-23,Temple,templecollege,703,48.0,30.0,22.0,11.0,0.825,345.0,259.0,183.0,0.707,207.0,381.0
2023,2022-23,Terra State,terrastate,434,8.0,5.0,6.0,1.0,0.917,229.0,209.0,145.0,0.694,139.0,157.0
2023,2022-23,Three Rivers,threeriverscommunitycollegemo,667,49.0,26.0,23.0,6.0,0.891,393.0,334.0,272.0,0.814,227.0,405.0
2023,2022-23,Tompkins Cortland,tompkinscortlandcommunitycollege,226,19.0,3.0,13.0,1.0,0.941,184.0,192.0,146.0,0.76,90.0,57.0
2023,2022-23,Trinidad State,trinidadstatecollege,716,0.0,20.0,25.0,0.0,1.0,441.0,412.0,320.0,0.777,209.0,314.0
2023,2022-23,Triton,tritoncollege,597,42.0,15.0,11.0,4.0,0.867,308.0,245.0,210.0,0.857,216.0,306.0
2023,2022-23,Tyler,tylerjuniorcollege,770,52.0,29.0,23.0,6.0,0.897,376.0,267.0,210.0,0.787,218.0,424.0
2023,2022-23,UA Rich Mountain,uarichmountain,633,47.0,20.0,26.0,2.0,0.958,471.0,358.0,283.0,0.791,181.0,295.0
2023,2022-23,UConn Avery Point,universityofconnecticutataverypoint,381,31.0,23.0,8.0,3.0,0.912,189.0,106.0,78.0,0.736,63.0,245.0
2023,2022-23,USC Lancaster,usclancaster,635,42.0,25.0,16.0,6.0,0.872,334.0,229.0,179.0,0.782,146.0,337.0
2023,2022-23,USC Salkehatchie,uscsalkehatchie,538,37.0,1.0,19.0,1.0,0.952,432.0,469.0,351.0,0.748,219.0,153.0
2023,2022-23,USC Sumter,uscsumter,607,40.0,31.0,15.0,3.0,0.939,309.0,219.0,168.0,0.767,144.0,309.0
2023,2022-23,USC Union,uscunion,697,31.0,14.0,22.0,2.0,0.947,360.0,328.0,250.0,0.762,194.0,226.0
2023,2022-23,Utah State Eastern,utahstateeastern,465,36.0,7.0,14.0,1.0,0.955,263.0,205.0,159.0,0.776,164.0,278.0
2023,2022-23,Vernon,vernoncollege,563,45.0,21.0,25.0,6.0,0.885,403.0,362.0,272.0,0.751,219.0,333.0
2023,2022-23,Vincennes,vincennesuniversity,698,43.0,19.0,25.0,4.0,0.917,365.0,341.0,256.0,0.751,244.0,286.0
2023,2022-23,Virginia Peninsula Community College,virginiapeninsulacommunitycollege,567,41.0,9.0,27.0,1.0,0.973,372.0,349.0,286.0,0.819,252.0,221.0
2023,2022-23,Volunteer State,volunteerstatecommunitycollege,651,48.0,30.0,21.0,6.0,0.895,338.0,214.0,171.0,0.799,176.0,360.0
2023,2022-23,Wabash Valley,wabashvalleycollege,826,49.0,40.0,9.0,17.0,0.742,321.0,209.0,143.0,0.684,163.0,477.0
2023,2022-23,Wake Tech,waketechnicalcommunitycollege,686,38.0,14.0,21.0,1.0,0.972,374.0,346.0,276.0,0.798,261.0,285.0
2023,2022-23,Wallace State,wallacestatecommunitycollegehancevil,584,44.0,30.0,13.0,3.0,0.935,301.0,176.0,127.0,0.722,115.0,354.0
2023,2022-23,Wallace-Dothan,wallacecommunitycollegedothan,592,57.0,35.0,17.0,7.0,0.881,346.0,246.0,210.0,0.854,193.0,377.0
2023,2022-23,Wallace-Selma,wallacecommunitycollegeselma,638,46.0,23.0,22.0,6.0,0.882,333.0,267.0,217.0,0.813,167.0,234.0
2023,2022-23,Walters State,waltersstatecommunitycollege,777,53.0,45.0,8.0,8.0,0.869,304.0,231.0,187.0,0.81,176.0,401.0
2023,2022-23,Waubonsee,waubonseecommunitycollege,538,39.0,17.0,16.0,0.0,1.0,256.0,214.0,166.0,0.776,189.0,201.0
2023,2022-23,Weatherford,weatherfordcollege,619,49.0,40.0,9.0,5.0,0.907,267.0,172.0,113.0,0.657,208.0,385.0
2023,2022-23,Westchester,westchestercommunitycollege,543,42.0,36.0,7.0,5.0,0.896,314.0,208.0,144.0,0.692,168.0,317.0
2023,2022-23,Western Nebraska,westernnebraskacommunitycollege,524,43.0,9.0,31.0,2.0,0.952,451.0,383.0,309.0,0.807,186.0,277.0
2023,2022-23,Western Oklahoma State,westernoklahomastatecollege,620,46.0,31.0,15.0,2.0,0.958,406.0,276.0,232.0,0.841,131.0,353.0
2023,2022-23,Western Tech,westerntechnicalcollege,290,7.0,4.0,17.0,3.0,0.875,190.0,190.0,149.0,0.784,113.0,119.0
2023,2022-23,Western Texas,westerntexascollege,746,0.0,12.0,34.0,2.0,0.958,427.0,348.0,284.0,0.816,226.0,281.0
2023,2022-23,Westmoreland,westmorelandcountycc,342,0.0,0.0,0.0,0.0,,0.0,0.0,0.0,,0.0,0.0
2023,2022-23,Wharton County,whartoncountyjuniorcollege,792,51.0,24.0,27.0,10.0,0.836,445.0,353.0,265.0,0.751,198.0,373.0
2023,2022-23,Williston State,willistonstatecollege,449,30.0,25.0,9.0,5.0,0.872,195.0,129.0,108.0,0.837,115.0,276.0
2023,2022-23,Yavapai,yavapaicollege,692,47.0,28.0,19.0,6.0,0.887,380.0,289.0,232.0,0.803,202.0,352.0
